event_id,timestamp,agent_name,rule_id,rule_level,rule_groups,decoder_name,mitre_id,location,source_port,destination_port,source_is_private,destination_is_private,network_bytes,network_packets,has_network_evidence,has_audit_evidence,has_process_evidence,has_file_evidence,has_auth_evidence,has_privilege_evidence,host_events_previous_5m,same_rule_previous_5m,unique_rules_previous_10m,high_level_events_previous_10m,auth_events_previous_10m,file_events_previous_10m,privilege_events_previous_30m,mitre_events_previous_30m,rule_level_max_previous_10m,hour,day_of_week,is_after_hours,rule_count,rule_decision,rule_reason
wazuh-1788711489.973508,2026-09-06T16:18:09.711000Z,lab-sensor-01,31106,6,accesslog|attack|web,web-accesslog,T1190,/var/log/apache2/access.log,0,0,1,0,0,0,1,0,0,0,0,0,19,0,7,0,9,0,0,12,6,16,6,0,1,critical,critical rule id/group or high rule level
wazuh-1788711577.983155,2026-09-06T16:19:37.055000Z,lab-sensor-01,31106,6,accesslog|attack|web,web-accesslog,T1190,/var/log/apache2/access.log,0,0,1,0,0,0,1,0,0,0,0,0,31,1,8,0,12,0,0,18,6,16,6,0,2,critical,critical rule id/group or high rule level
wazuh-1788711668.986749,2026-09-06T16:21:08.018000Z,lab-sensor-01,31106,6,accesslog|attack|web,web-accesslog,T1190,/var/log/apache2/access.log,0,0,1,0,0,0,1,0,0,0,0,0,23,2,8,0,12,0,0,20,6,16,6,0,3,critical,critical rule id/group or high rule level
wazuh-1788711687.988133,2026-09-06T16:21:27.251000Z,lab-sensor-01,31106,6,accesslog|attack|web,web-accesslog,T1190,/var/log/apache2/access.log,0,0,1,0,0,0,1,0,0,0,0,0,25,3,8,0,12,0,0,22,6,16,6,0,4,critical,critical rule id/group or high rule level
wazuh-1788711822.996997,2026-09-06T16:23:42.330000Z,lab-sensor-01,31106,6,accesslog|attack|web,web-accesslog,T1190,/var/log/apache2/access.log,0,0,1,0,0,0,1,0,0,0,0,0,23,3,8,0,15,0,0,28,6,16,6,0,4,critical,critical rule id/group or high rule level
wazuh-1788711889.999707,2026-09-06T16:24:49.774000Z,lab-sensor-01,31106,6,accesslog|attack|web,web-accesslog,T1190,/var/log/apache2/access.log,0,0,1,0,0,0,1,0,0,0,0,0,15,3,8,0,15,0,0,30,6,16,6,0,4,critical,critical rule id/group or high rule level
wazuh-1788712114.1010431,2026-09-06T16:28:34.966000Z,lab-sensor-01,31106,6,accesslog|attack|web,web-accesslog,T1190,/var/log/apache2/access.log,0,0,1,0,0,0,1,0,0,0,0,0,13,2,6,0,9,0,0,36,6,16,6,0,3,critical,critical rule id/group or high rule level
wazuh-1788712260.1017382,2026-09-06T16:31:00.545000Z,lab-sensor-01,31106,6,accesslog|attack|web,web-accesslog,T1190,/var/log/apache2/access.log,0,0,1,0,0,0,1,0,0,0,0,0,9,1,6,0,9,0,0,41,6,16,6,0,2,critical,critical rule id/group or high rule level
wazuh-1788712307.1019655,2026-09-06T16:31:47.252000Z,lab-sensor-01,31106,6,accesslog|attack|web,web-accesslog,T1190,/var/log/apache2/access.log,0,0,1,0,0,0,1,0,0,0,0,0,11,2,6,0,8,0,0,43,6,16,6,0,3,critical,critical rule id/group or high rule level
wazuh-1788712344.1021485,2026-09-06T16:32:24.704000Z,lab-sensor-01,31106,6,accesslog|attack|web,web-accesslog,T1190,/var/log/apache2/access.log,0,0,1,0,0,0,1,0,0,0,0,0,10,3,6,0,6,0,0,45,6,16,6,0,4,critical,critical rule id/group or high rule level
wazuh-1788712364.1022872,2026-09-06T16:32:44.740000Z,lab-sensor-01,31106,6,accesslog|attack|web,web-accesslog,T1190,/var/log/apache2/access.log,0,0,1,0,0,0,1,0,0,0,0,0,12,4,6,0,6,0,0,47,6,16,6,0,5,critical,critical rule id/group or high rule level
wazuh-1788712382.1024259,2026-09-06T16:33:02.787000Z,lab-sensor-01,31106,6,accesslog|attack|web,web-accesslog,T1190,/var/log/apache2/access.log,0,0,1,0,0,0,1,0,0,0,0,0,14,5,6,0,6,0,0,49,6,16,6,0,6,critical,critical rule id/group or high rule level
wazuh-1788712475.1033987,2026-09-06T16:34:35.588000Z,lab-sensor-01,31106,6,accesslog|attack|web,web-accesslog,T1190,/var/log/apache2/access.log,0,0,1,0,0,0,1,0,0,0,0,0,24,5,9,1,6,0,0,53,8,16,6,0,6,critical,critical rule id/group or high rule level
wazuh-1788712511.1035817,2026-09-06T16:35:11.122000Z,lab-sensor-01,31106,6,accesslog|attack|web,web-accesslog,T1190,/var/log/apache2/access.log,0,0,1,0,0,0,1,0,0,0,0,0,23,6,9,1,6,0,0,55,8,16,6,0,7,critical,critical rule id/group or high rule level
wazuh-1788712529.1037204,2026-09-06T16:35:29.159000Z,lab-sensor-01,31106,6,accesslog|attack|web,web-accesslog,T1190,/var/log/apache2/access.log,0,0,1,0,0,0,1,0,0,0,0,0,25,7,9,1,6,0,0,57,8,16,6,0,8,critical,critical rule id/group or high rule level
wazuh-1788712547.1038591,2026-09-06T16:35:47.199000Z,lab-sensor-01,31106,6,accesslog|attack|web,web-accesslog,T1190,/var/log/apache2/access.log,0,0,1,0,0,0,1,0,0,0,0,0,27,8,9,1,6,0,0,59,8,16,6,0,9,critical,critical rule id/group or high rule level
wazuh-1788712757.1050202,2026-09-06T16:39:17.574000Z,lab-sensor-01,31106,6,accesslog|attack|web,web-accesslog,T1190,/var/log/apache2/access.log,0,0,1,0,0,0,1,0,0,0,0,0,17,4,9,1,6,0,0,65,8,16,6,0,5,critical,critical rule id/group or high rule level
wazuh-1788712856.1056552,2026-09-06T16:40:56.697000Z,lab-sensor-01,31106,6,accesslog|attack|web,web-accesslog,T1190,/var/log/apache2/access.log,0,0,1,0,0,0,1,0,0,0,0,0,16,1,9,1,3,0,0,68,8,16,6,0,2,critical,critical rule id/group or high rule level
wazuh-1788712874.1057939,2026-09-06T16:41:14.451000Z,lab-sensor-01,31106,6,accesslog|attack|web,web-accesslog,T1190,/var/log/apache2/access.log,0,0,1,0,0,0,1,0,0,0,0,0,18,2,9,1,3,0,0,70,8,16,6,0,3,critical,critical rule id/group or high rule level
wazuh-1788713104.1068912,2026-09-06T16:45:04.997000Z,lab-sensor-01,5712,10,authentication_failures|sshd|syslog,sshd,T1110,journald,48762,0,1,0,0,0,1,0,0,0,1,0,11,0,6,0,10,0,0,78,6,16,6,0,1,critical,critical rule id/group or high rule level
wazuh-1788713247.1080930,2026-09-06T16:47:27.237000Z,lab-sensor-01,5712,10,authentication_failures|sshd|syslog,sshd,T1110,journald,52304,0,1,0,0,0,1,0,0,0,1,0,21,1,7,1,19,0,0,78,10,16,6,0,2,critical,critical rule id/group or high rule level
wazuh-1788713416.1090996,2026-09-06T16:50:16.949000Z,lab-sensor-01,31106,6,accesslog|attack|web,web-accesslog,T1190,/var/log/apache2/access.log,0,0,1,0,0,0,1,0,0,0,0,0,21,0,7,2,24,0,0,78,10,16,6,0,1,critical,critical rule id/group or high rule level
wazuh-1788713664.1110217,2026-09-06T16:54:24.188000Z,lab-sensor-01,31106,6,accesslog|attack|web,web-accesslog,T1190,/var/log/apache2/access.log,0,0,1,0,0,0,1,0,0,0,0,0,24,1,7,2,25,0,0,76,10,16,6,0,2,critical,critical rule id/group or high rule level
wazuh-1788713714.1112933,2026-09-06T16:55:14.133000Z,lab-sensor-01,31106,6,accesslog|attack|web,web-accesslog,T1190,/var/log/apache2/access.log,0,0,1,0,0,0,1,0,0,0,0,0,22,2,7,1,18,0,0,75,10,16,6,0,3,critical,critical rule id/group or high rule level
wazuh-1788713892.1122507,2026-09-06T16:58:12.471000Z,lab-sensor-01,5712,10,authentication_failures|sshd|syslog,sshd,T1110,journald,38432,0,1,0,0,0,1,0,0,0,1,0,16,0,6,0,16,0,0,80,6,16,6,0,1,critical,critical rule id/group or high rule level
wazuh-1788714934.1235386,2026-09-06T17:15:34.427000Z,lab-sensor-01,31106,6,accesslog|attack|web,web-accesslog,T1190,/var/log/apache2/access.log,0,0,1,0,0,0,1,0,0,0,0,0,29,0,5,0,6,0,0,66,6,17,6,0,1,critical,critical rule id/group or high rule level
wazuh-1788715119.1262479,2026-09-06T17:18:39.177000Z,lab-sensor-01,31106,6,accesslog|attack|web,web-accesslog,T1190,/var/log/apache2/access.log,0,0,1,0,0,0,1,0,0,0,0,0,29,1,6,0,9,0,0,66,6,17,6,0,2,critical,critical rule id/group or high rule level
wazuh-1788715154.1268721,2026-09-06T17:19:14.496000Z,lab-sensor-01,31106,6,accesslog|attack|web,web-accesslog,T1190,/var/log/apache2/access.log,0,0,1,0,0,0,1,0,0,0,0,0,26,2,6,0,9,0,0,68,6,17,6,0,3,critical,critical rule id/group or high rule level
wazuh-1788715188.1270551,2026-09-06T17:19:48.571000Z,lab-sensor-01,31106,6,accesslog|attack|web,web-accesslog,T1190,/var/log/apache2/access.log,0,0,1,0,0,0,1,0,0,0,0,0,28,3,6,0,9,0,0,67,6,17,6,0,4,critical,critical rule id/group or high rule level
wazuh-1788715267.1278565,2026-09-06T17:21:07.136000Z,lab-sensor-01,31106,6,accesslog|attack|web,web-accesslog,T1190,/var/log/apache2/access.log,0,0,1,0,0,0,1,0,0,0,0,0,22,3,6,0,9,0,0,64,6,17,6,0,4,critical,critical rule id/group or high rule level
wazuh-1788715377.1293446,2026-09-06T17:22:57.629000Z,lab-sensor-01,31106,6,accesslog|attack|web,web-accesslog,T1190,/var/log/apache2/access.log,0,0,1,0,0,0,1,0,0,0,0,0,12,4,6,0,9,0,0,64,6,17,6,0,5,critical,critical rule id/group or high rule level
wazuh-1788715433.1301774,2026-09-06T17:23:53.017000Z,lab-sensor-01,31106,6,accesslog|attack|web,web-accesslog,T1190,/var/log/apache2/access.log,0,0,1,0,0,0,1,0,0,0,0,0,15,4,6,0,12,0,0,68,6,17,6,0,5,critical,critical rule id/group or high rule level
wazuh-1788715577.1323313,2026-09-06T17:26:17.820000Z,lab-sensor-01,5712,10,authentication_failures|sshd|syslog,sshd,T1110,journald,52114,0,1,0,0,0,1,0,0,0,1,0,17,0,6,0,16,0,0,72,6,17,6,0,1,critical,critical rule id/group or high rule level
wazuh-1788715657.1332655,2026-09-06T17:27:37.464000Z,lab-sensor-01,31106,6,accesslog|attack|web,web-accesslog,T1190,/var/log/apache2/access.log,0,0,1,0,0,0,1,0,0,0,0,0,17,2,7,1,15,0,0,72,10,17,6,0,3,critical,critical rule id/group or high rule level
wazuh-1788715768.1347175,2026-09-06T17:29:28.247000Z,lab-sensor-01,31106,6,accesslog|attack|web,web-accesslog,T1190,/var/log/apache2/access.log,0,0,1,0,0,0,1,0,0,0,0,0,15,1,4,1,18,0,0,68,10,17,6,0,2,critical,critical rule id/group or high rule level
wazuh-1788715840.1354299,2026-09-06T17:30:40.396000Z,lab-sensor-01,31106,6,accesslog|attack|web,web-accesslog,T1190,/var/log/apache2/access.log,0,0,1,0,0,0,1,0,0,0,0,0,11,2,4,1,18,0,0,66,10,17,6,0,3,critical,critical rule id/group or high rule level
wazuh-1788715902.1362631,2026-09-06T17:31:42.189000Z,lab-sensor-01,31106,6,accesslog|attack|web,web-accesslog,T1190,/var/log/apache2/access.log,0,0,1,0,0,0,1,0,0,0,0,0,13,3,4,1,18,0,0,71,10,17,6,0,4,critical,critical rule id/group or high rule level
wazuh-1788715976.1371775,2026-09-06T17:32:56.330000Z,lab-sensor-01,31106,6,accesslog|attack|web,web-accesslog,T1190,/var/log/apache2/access.log,0,0,1,0,0,0,1,0,0,0,0,0,16,3,4,1,21,0,0,72,10,17,6,0,4,critical,critical rule id/group or high rule level
wazuh-1788715994.1373162,2026-09-06T17:33:14.356000Z,lab-sensor-01,31106,6,accesslog|attack|web,web-accesslog,T1190,/var/log/apache2/access.log,0,0,1,0,0,0,1,0,0,0,0,0,18,4,4,1,21,0,0,72,10,17,6,0,5,critical,critical rule id/group or high rule level
wazuh-1788716307.1417847,2026-09-06T17:38:27.495000Z,lab-sensor-01,31106,6,accesslog|attack|web,web-accesslog,T1190,/var/log/apache2/access.log,0,0,1,0,0,0,1,0,0,0,0,0,17,0,6,0,15,0,0,75,6,17,6,0,1,critical,critical rule id/group or high rule level
wazuh-1788716702.1467565,2026-09-06T17:45:02.303000Z,lab-sensor-01,31106,6,accesslog|attack|web,web-accesslog,T1190,/var/log/apache2/access.log,0,0,1,0,0,0,1,0,0,0,0,0,19,0,6,0,12,0,0,79,6,17,6,0,1,critical,critical rule id/group or high rule level
wazuh-1788716822.1482528,2026-09-06T17:47:02.173000Z,lab-sensor-01,31106,6,accesslog|attack|web,web-accesslog,T1190,/var/log/apache2/access.log,0,0,1,0,0,0,1,0,0,0,0,0,16,1,6,0,9,0,0,75,6,17,6,0,2,critical,critical rule id/group or high rule level
wazuh-1788717230.1538467,2026-09-06T17:53:50.962000Z,lab-sensor-01,31106,6,accesslog|attack|web,web-accesslog,T1190,/var/log/apache2/access.log,0,0,1,0,0,0,1,0,0,0,0,0,21,0,8,0,6,0,0,64,6,17,6,0,1,critical,critical rule id/group or high rule level
wazuh-1788717373.1561642,2026-09-06T17:56:13.201000Z,lab-sensor-01,31106,6,accesslog|attack|web,web-accesslog,T1190,/var/log/apache2/access.log,0,0,1,0,0,0,1,0,0,0,0,0,22,1,9,0,3,0,0,60,6,17,6,0,2,critical,critical rule id/group or high rule level
wazuh-1788717455.1566448,2026-09-06T17:57:35.357000Z,lab-sensor-01,31106,6,accesslog|attack|web,web-accesslog,T1190,/var/log/apache2/access.log,0,0,1,0,0,0,1,0,0,0,0,0,19,2,9,0,6,0,0,61,6,17,6,0,3,critical,critical rule id/group or high rule level
wazuh-1788717815.1592679,2026-09-06T18:03:35.986000Z,lab-sensor-01,31106,6,accesslog|attack|web,web-accesslog,T1190,/var/log/apache2/access.log,0,0,1,0,0,0,1,0,0,0,0,0,27,0,7,0,9,0,0,53,6,18,6,1,1,critical,critical rule id/group or high rule level
wazuh-1788717836.1594066,2026-09-06T18:03:56.012000Z,lab-sensor-01,31106,6,accesslog|attack|web,web-accesslog,T1190,/var/log/apache2/access.log,0,0,1,0,0,0,1,0,0,0,0,0,29,1,7,0,9,0,0,55,6,18,6,1,2,critical,critical rule id/group or high rule level
wazuh-1788718242.1616825,2026-09-06T18:10:42.868000Z,lab-sensor-01,31106,6,accesslog|attack|web,web-accesslog,T1190,/var/log/apache2/access.log,0,0,1,0,0,0,1,0,0,0,0,0,15,0,6,0,12,0,0,52,6,18,6,1,1,critical,critical rule id/group or high rule level
wazuh-1788718272.1618655,2026-09-06T18:11:12.932000Z,lab-sensor-01,31106,6,accesslog|attack|web,web-accesslog,T1190,/var/log/apache2/access.log,0,0,1,0,0,0,1,0,0,0,0,0,17,1,6,0,12,0,0,54,6,18,6,1,2,critical,critical rule id/group or high rule level
wazuh-1788718409.1659054,2026-09-06T18:13:29.166000Z,lab-sensor-01,31106,6,accesslog|attack|web,web-accesslog,T1190,/var/log/apache2/access.log,0,0,1,0,0,0,1,0,0,0,0,0,11,2,6,0,12,0,0,58,6,18,6,1,3,critical,critical rule id/group or high rule level
wazuh-1788718625.1666643,2026-09-06T18:17:05.541000Z,lab-sensor-01,31106,6,accesslog|attack|web,web-accesslog,T1190,/var/log/apache2/access.log,0,0,1,0,0,0,1,0,0,0,0,0,3,1,6,0,9,0,0,51,6,18,6,1,2,critical,critical rule id/group or high rule level
wazuh-1788718860.1682206,2026-09-06T18:21:00.020000Z,lab-sensor-01,31106,6,accesslog|attack|web,web-accesslog,T1190,/var/log/apache2/access.log,0,0,1,0,0,0,1,0,0,0,0,0,19,1,6,0,9,0,0,60,6,18,6,1,2,critical,critical rule id/group or high rule level
wazuh-1788718981.1688341,2026-09-06T18:23:01.065000Z,lab-sensor-01,31106,6,accesslog|attack|web,web-accesslog,T1190,/var/log/apache2/access.log,0,0,1,0,0,0,1,0,0,0,0,0,19,1,6,0,9,0,0,61,6,18,6,1,2,critical,critical rule id/group or high rule level
wazuh-1788719002.1689728,2026-09-06T18:23:22.276000Z,lab-sensor-01,31106,6,accesslog|attack|web,web-accesslog,T1190,/var/log/apache2/access.log,0,0,1,0,0,0,1,0,0,0,0,0,21,2,6,0,9,0,0,62,6,18,6,1,3,critical,critical rule id/group or high rule level
wazuh-1788719064.1692817,2026-09-06T18:24:24.385000Z,lab-sensor-01,31106,6,accesslog|attack|web,web-accesslog,T1190,/var/log/apache2/access.log,0,0,1,0,0,0,1,0,0,0,0,0,17,3,6,0,9,0,0,62,6,18,6,1,4,critical,critical rule id/group or high rule level
wazuh-1788719363.1714652,2026-09-06T18:29:23.842000Z,lab-sensor-01,5712,10,authentication_failures|sshd|syslog,sshd,T1110,journald,43692,0,1,0,0,0,1,0,0,0,1,0,29,0,6,0,19,0,0,71,6,18,6,1,1,critical,critical rule id/group or high rule level
wazuh-1788719427.1721141,2026-09-06T18:30:27.203000Z,lab-sensor-01,31106,6,accesslog|attack|web,web-accesslog,T1190,/var/log/apache2/access.log,0,0,1,0,0,0,1,0,0,0,0,0,28,0,7,1,18,0,0,74,10,18,6,1,1,critical,critical rule id/group or high rule level
wazuh-1788719446.1722901,2026-09-06T18:30:46.014000Z,lab-sensor-01,31106,6,accesslog|attack|web,web-accesslog,T1190,/var/log/apache2/access.log,0,0,1,0,0,0,1,0,0,0,0,0,27,1,7,1,18,0,0,73,10,18,6,1,2,critical,critical rule id/group or high rule level
wazuh-1788719503.1726821,2026-09-06T18:31:43.394000Z,lab-sensor-01,31106,6,accesslog|attack|web,web-accesslog,T1190,/var/log/apache2/access.log,0,0,1,0,0,0,1,0,0,0,0,0,27,2,7,1,21,0,0,77,10,18,6,1,3,critical,critical rule id/group or high rule level
wazuh-1788719583.1731627,2026-09-06T18:33:03.565000Z,lab-sensor-01,31106,6,accesslog|attack|web,web-accesslog,T1190,/var/log/apache2/access.log,0,0,1,0,0,0,1,0,0,0,0,0,24,3,7,1,21,0,0,80,10,18,6,1,4,critical,critical rule id/group or high rule level
wazuh-1788719642.1733900,2026-09-06T18:34:02.369000Z,lab-sensor-01,31106,6,accesslog|attack|web,web-accesslog,T1190,/var/log/apache2/access.log,0,0,1,0,0,0,1,0,0,0,0,0,23,4,7,1,21,0,0,75,10,18,6,1,5,critical,critical rule id/group or high rule level
wazuh-1788719715.1739434,2026-09-06T18:35:15.882000Z,lab-sensor-01,31106,6,accesslog|attack|web,web-accesslog,T1190,/var/log/apache2/access.log,0,0,1,0,0,0,1,0,0,0,0,0,22,5,7,1,18,0,0,78,10,18,6,1,6,critical,critical rule id/group or high rule level
wazuh-1788719755.1741637,2026-09-06T18:35:55.961000Z,lab-sensor-01,31106,6,accesslog|attack|web,web-accesslog,T1190,/var/log/apache2/access.log,0,0,1,0,0,0,1,0,0,0,0,0,20,4,7,1,18,0,0,79,10,18,6,1,5,critical,critical rule id/group or high rule level
wazuh-1788719824.1744353,2026-09-06T18:37:04.090000Z,lab-sensor-01,31106,6,accesslog|attack|web,web-accesslog,T1190,/var/log/apache2/access.log,0,0,1,0,0,0,1,0,0,0,0,0,17,4,7,1,15,0,0,78,10,18,6,1,5,critical,critical rule id/group or high rule level
wazuh-1788719924.1748398,2026-09-06T18:38:44.258000Z,lab-sensor-01,31106,6,accesslog|attack|web,web-accesslog,T1190,/var/log/apache2/access.log,0,0,1,0,0,0,1,0,0,0,0,0,14,4,7,1,10,0,0,76,10,18,6,1,5,critical,critical rule id/group or high rule level
wazuh-1788719978.1750671,2026-09-06T18:39:38.374000Z,lab-sensor-01,31106,6,accesslog|attack|web,web-accesslog,T1190,/var/log/apache2/access.log,0,0,1,0,0,0,1,0,0,0,0,0,9,4,6,0,6,0,0,75,6,18,6,1,5,critical,critical rule id/group or high rule level
wazuh-1788720226.1769052,2026-09-06T18:43:46.944000Z,lab-sensor-01,31106,6,accesslog|attack|web,web-accesslog,T1190,/var/log/apache2/access.log,0,0,1,0,0,0,1,0,0,0,0,0,24,1,6,0,6,0,0,77,6,18,6,1,2,critical,critical rule id/group or high rule level
wazuh-1788720247.1770439,2026-09-06T18:44:07.025000Z,lab-sensor-01,31106,6,accesslog|attack|web,web-accesslog,T1190,/var/log/apache2/access.log,0,0,1,0,0,0,1,0,0,0,0,0,26,2,6,0,6,0,0,79,6,18,6,1,3,critical,critical rule id/group or high rule level
wazuh-1788720477.1783594,2026-09-06T18:47:57.553000Z,lab-sensor-01,31106,6,accesslog|attack|web,web-accesslog,T1190,/var/log/apache2/access.log,0,0,1,0,0,0,1,0,0,0,0,0,18,2,6,0,6,0,0,79,6,18,6,1,3,critical,critical rule id/group or high rule level
wazuh-1788720517.1785867,2026-09-06T18:48:37.629000Z,lab-sensor-01,31106,6,accesslog|attack|web,web-accesslog,T1190,/var/log/apache2/access.log,0,0,1,0,0,0,1,0,0,0,0,0,17,3,6,0,6,0,0,80,6,18,6,1,4,critical,critical rule id/group or high rule level
wazuh-1788720625.1793934,2026-09-06T18:50:25.822000Z,lab-sensor-01,31106,6,accesslog|attack|web,web-accesslog,T1190,/var/log/apache2/access.log,0,0,1,0,0,0,1,0,0,0,0,0,23,2,6,0,9,0,0,81,6,18,6,1,3,critical,critical rule id/group or high rule level
wazuh-1788720810.1806806,2026-09-06T18:53:30.405000Z,lab-sensor-01,31106,6,accesslog|attack|web,web-accesslog,T1190,/var/log/apache2/access.log,0,0,1,0,0,0,1,0,0,0,0,0,28,2,6,0,3,0,0,77,6,18,6,1,3,critical,critical rule id/group or high rule level
wazuh-1788720938.1814678,2026-09-06T18:55:38.892000Z,lab-sensor-01,5712,10,authentication_failures|sshd|syslog,sshd,T1110,journald,37976,0,1,0,0,0,1,0,0,0,1,0,24,0,6,0,10,0,0,79,6,18,6,1,1,critical,critical rule id/group or high rule level
wazuh-1788720999.1823200,2026-09-06T18:56:39.012000Z,lab-sensor-01,31106,6,accesslog|attack|web,web-accesslog,T1190,/var/log/apache2/access.log,0,0,1,0,0,0,1,0,0,0,0,0,27,1,7,1,12,0,0,78,10,18,6,1,2,critical,critical rule id/group or high rule level
wazuh-1788721034.1829442,2026-09-06T18:57:14.716000Z,lab-sensor-01,31106,6,accesslog|attack|web,web-accesslog,T1190,/var/log/apache2/access.log,0,0,1,0,0,0,1,0,0,0,0,0,29,2,7,1,12,0,0,80,10,18,6,1,3,critical,critical rule id/group or high rule level
wazuh-1788721068.1831272,2026-09-06T18:57:48.827000Z,lab-sensor-01,31106,6,accesslog|attack|web,web-accesslog,T1190,/var/log/apache2/access.log,0,0,1,0,0,0,1,0,0,0,0,0,21,3,7,1,12,0,0,79,10,18,6,1,4,critical,critical rule id/group or high rule level
wazuh-1788721179.1844510,2026-09-06T18:59:39.046000Z,lab-sensor-01,31106,6,accesslog|attack|web,web-accesslog,T1190,/var/log/apache2/access.log,0,0,1,0,0,0,1,0,0,0,0,0,11,3,7,1,11,0,0,74,10,18,6,1,4,critical,critical rule id/group or high rule level
wazuh-1788721281.1859303,2026-09-06T19:01:21.278000Z,lab-sensor-01,31106,6,accesslog|attack|web,web-accesslog,T1190,/var/log/apache2/access.log,0,0,1,0,0,0,1,0,0,0,0,0,14,4,7,1,9,0,0,70,10,19,6,1,5,critical,critical rule id/group or high rule level
wazuh-1788721487.1887302,2026-09-06T19:04:47.937000Z,lab-sensor-01,5712,10,authentication_failures|sshd|syslog,sshd,T1110,journald,56634,0,1,0,0,0,1,0,0,0,1,0,24,0,7,1,10,0,0,69,10,19,6,1,1,critical,critical rule id/group or high rule level
wazuh-1788721619.1907962,2026-09-06T19:06:59.901000Z,lab-sensor-01,31106,6,accesslog|attack|web,web-accesslog,T1190,/var/log/apache2/access.log,0,0,1,0,0,0,1,0,0,0,0,0,28,0,7,1,12,0,0,73,10,19,6,1,1,critical,critical rule id/group or high rule level
wazuh-1788721752.1927667,2026-09-06T19:09:12.157000Z,lab-sensor-01,31106,6,accesslog|attack|web,web-accesslog,T1190,/var/log/apache2/access.log,0,0,1,0,0,0,1,0,0,0,0,0,35,1,7,1,15,0,0,76,10,19,6,1,2,critical,critical rule id/group or high rule level
wazuh-1788721826.1939203,2026-09-06T19:10:26.329000Z,lab-sensor-01,31106,6,accesslog|attack|web,web-accesslog,T1190,/var/log/apache2/access.log,0,0,1,0,0,0,1,0,0,0,0,0,25,2,7,1,15,0,0,75,10,19,6,1,3,critical,critical rule id/group or high rule level
wazuh-1788722042.1965623,2026-09-06T19:14:02.707000Z,lab-sensor-01,31106,6,accesslog|attack|web,web-accesslog,T1190,/var/log/apache2/access.log,0,0,1,0,0,0,1,0,0,0,0,0,16,2,7,1,18,0,0,74,10,19,6,1,3,critical,critical rule id/group or high rule level
wazuh-1788722144.1979692,2026-09-06T19:15:44.891000Z,lab-sensor-01,31106,6,accesslog|attack|web,web-accesslog,T1190,/var/log/apache2/access.log,0,0,1,0,0,0,1,0,0,0,0,0,15,1,6,0,12,0,0,77,6,19,6,1,2,critical,critical rule id/group or high rule level
wazuh-1788722291.1999038,2026-09-06T19:18:11.218000Z,lab-sensor-01,31106,6,accesslog|attack|web,web-accesslog,T1190,/var/log/apache2/access.log,0,0,1,0,0,0,1,0,0,0,0,0,19,2,6,0,18,0,0,82,6,19,6,1,3,critical,critical rule id/group or high rule level
wazuh-1788722517.2025926,2026-09-06T19:21:57.660000Z,lab-sensor-01,31106,6,accesslog|attack|web,web-accesslog,T1190,/var/log/apache2/access.log,0,0,1,0,0,0,1,0,0,0,0,0,14,1,6,0,15,0,0,79,6,19,6,1,2,critical,critical rule id/group or high rule level
wazuh-1788722645.2041250,2026-09-06T19:24:05.946000Z,lab-sensor-01,31106,6,accesslog|attack|web,web-accesslog,T1190,/var/log/apache2/access.log,0,0,1,0,0,0,1,0,0,0,0,0,6,1,6,0,15,0,0,79,6,19,6,1,2,critical,critical rule id/group or high rule level
wazuh-1788722665.2047045,2026-09-06T19:24:25.988000Z,lab-sensor-01,31106,6,accesslog|attack|web,web-accesslog,T1190,/var/log/apache2/access.log,0,0,1,0,0,0,1,0,0,0,0,0,8,2,6,0,15,0,0,78,6,19,6,1,3,critical,critical rule id/group or high rule level
wazuh-1788722684.2048432,2026-09-06T19:24:44.024000Z,lab-sensor-01,31106,6,accesslog|attack|web,web-accesslog,T1190,/var/log/apache2/access.log,0,0,1,0,0,0,1,0,0,0,0,0,10,3,6,0,15,0,0,77,6,19,6,1,4,critical,critical rule id/group or high rule level
wazuh-1788722822.2065567,2026-09-06T19:27:02.561000Z,lab-sensor-01,5712,10,authentication_failures|sshd|syslog,sshd,T1110,journald,40280,0,1,0,0,0,1,0,0,0,1,0,16,0,6,0,16,0,0,80,6,19,6,1,1,critical,critical rule id/group or high rule level
wazuh-1788722958.2080658,2026-09-06T19:29:18.663000Z,lab-sensor-01,31106,6,accesslog|attack|web,web-accesslog,T1190,/var/log/apache2/access.log,0,0,1,0,0,0,1,0,0,0,0,0,14,2,4,1,12,0,0,79,10,19,6,1,3,critical,critical rule id/group or high rule level
wazuh-1788722996.2086896,2026-09-06T19:29:56.759000Z,lab-sensor-01,31106,6,accesslog|attack|web,web-accesslog,T1190,/var/log/apache2/access.log,0,0,1,0,0,0,1,0,0,0,0,0,12,1,4,1,12,0,0,79,10,19,6,1,2,critical,critical rule id/group or high rule level
wazuh-1788723191.2111138,2026-09-06T19:33:11.308000Z,lab-sensor-01,31106,6,accesslog|attack|web,web-accesslog,T1190,/var/log/apache2/access.log,0,0,1,0,0,0,1,0,0,0,0,0,15,2,7,1,12,0,0,78,10,19,6,1,3,critical,critical rule id/group or high rule level
wazuh-1788723313.2127198,2026-09-06T19:35:13.376000Z,lab-sensor-01,31106,6,accesslog|attack|web,web-accesslog,T1190,/var/log/apache2/access.log,0,0,1,0,0,0,1,0,0,0,0,0,18,1,7,1,9,0,0,71,10,19,6,1,2,critical,critical rule id/group or high rule level
wazuh-1788723335.2128585,2026-09-06T19:35:35.437000Z,lab-sensor-01,31106,6,accesslog|attack|web,web-accesslog,T1190,/var/log/apache2/access.log,0,0,1,0,0,0,1,0,0,0,0,0,15,2,7,1,6,0,0,70,10,19,6,1,3,critical,critical rule id/group or high rule level
wazuh-1788723379.2137202,2026-09-06T19:36:19.544000Z,lab-sensor-01,31106,6,accesslog|attack|web,web-accesslog,T1190,/var/log/apache2/access.log,0,0,1,0,0,0,1,0,0,0,0,0,17,3,7,1,3,0,0,73,10,19,6,1,4,critical,critical rule id/group or high rule level
wazuh-1788723413.2143440,2026-09-06T19:36:53.606000Z,lab-sensor-01,31106,6,accesslog|attack|web,web-accesslog,T1190,/var/log/apache2/access.log,0,0,1,0,0,0,1,0,0,0,0,0,19,4,7,1,3,0,0,74,10,19,6,1,5,critical,critical rule id/group or high rule level
wazuh-1788723435.2144827,2026-09-06T19:37:15.634000Z,lab-sensor-01,31106,6,accesslog|attack|web,web-accesslog,T1190,/var/log/apache2/access.log,0,0,1,0,0,0,1,0,0,0,0,0,21,5,5,0,0,0,0,74,6,19,6,1,6,critical,critical rule id/group or high rule level
wazuh-1788723547.2159347,2026-09-06T19:39:07.814000Z,lab-sensor-01,31106,6,accesslog|attack|web,web-accesslog,T1190,/var/log/apache2/access.log,0,0,1,0,0,0,1,0,0,0,0,0,24,5,6,0,3,0,0,74,6,19,6,1,6,critical,critical rule id/group or high rule level
wazuh-1788723758.2189512,2026-09-06T19:42:38.275000Z,lab-sensor-01,31106,6,accesslog|attack|web,web-accesslog,T1190,/var/log/apache2/access.log,0,0,1,0,0,0,1,0,0,0,0,0,23,1,7,0,9,0,0,74,6,19,6,1,2,critical,critical rule id/group or high rule level
wazuh-1788723896.2196090,2026-09-06T19:44:56.553000Z,lab-sensor-01,31106,6,accesslog|attack|web,web-accesslog,T1190,/var/log/apache2/access.log,0,0,1,0,0,0,1,0,0,0,0,0,23,1,7,0,12,0,0,76,6,19,6,1,2,critical,critical rule id/group or high rule level
wazuh-1788723926.2198293,2026-09-06T19:45:26.605000Z,lab-sensor-01,31106,6,accesslog|attack|web,web-accesslog,T1190,/var/log/apache2/access.log,0,0,1,0,0,0,1,0,0,0,0,0,20,2,7,0,12,0,0,75,6,19,6,1,3,critical,critical rule id/group or high rule level
wazuh-1788724080.2206518,2026-09-06T19:48:00.892000Z,lab-sensor-01,31106,6,accesslog|attack|web,web-accesslog,T1190,/var/log/apache2/access.log,0,0,1,0,0,0,1,0,0,0,0,0,14,2,7,0,18,0,0,74,6,19,6,1,3,critical,critical rule id/group or high rule level
wazuh-1788724301.2215684,2026-09-06T19:51:41.291000Z,lab-sensor-01,31106,6,accesslog|attack|web,web-accesslog,T1190,/var/log/apache2/access.log,0,0,1,0,0,0,1,0,0,0,0,0,9,1,3,0,15,0,0,74,6,19,6,1,2,critical,critical rule id/group or high rule level
wazuh-1788724435.2222547,2026-09-06T19:53:55.556000Z,lab-sensor-01,31106,6,accesslog|attack|web,web-accesslog,T1190,/var/log/apache2/access.log,0,0,1,0,0,0,1,0,0,0,0,0,11,1,6,0,12,0,0,72,6,19,6,1,2,critical,critical rule id/group or high rule level
wazuh-1788724493.2226467,2026-09-06T19:54:53.682000Z,lab-sensor-01,31106,6,accesslog|attack|web,web-accesslog,T1190,/var/log/apache2/access.log,0,0,1,0,0,0,1,0,0,0,0,0,16,2,6,0,12,0,0,71,6,19,6,1,3,critical,critical rule id/group or high rule level
wazuh-1788724712.2245984,2026-09-06T19:58:32.337000Z,lab-sensor-01,5712,10,authentication_failures|sshd|syslog,sshd,T1110,journald,43676,0,1,0,0,0,1,0,0,0,1,0,34,0,6,0,13,0,0,74,6,19,6,1,1,critical,critical rule id/group or high rule level
wazuh-1788724782.2254405,2026-09-06T19:59:42.328000Z,lab-sensor-01,31106,6,accesslog|attack|web,web-accesslog,T1190,/var/log/apache2/access.log,0,0,1,0,0,0,1,0,0,0,0,0,42,1,7,1,15,0,0,77,10,19,6,1,2,critical,critical rule id/group or high rule level
wazuh-1788725241.2304881,2026-09-06T20:07:21.199000Z,lab-sensor-01,31106,6,accesslog|attack|web,web-accesslog,T1190,/var/log/apache2/access.log,0,0,1,0,0,0,1,0,0,0,0,0,19,0,9,1,15,0,0,74,10,20,6,1,1,critical,critical rule id/group or high rule level
wazuh-1788725321.2310150,2026-09-06T20:08:41.480000Z,lab-sensor-01,5712,10,authentication_failures|sshd|syslog,sshd,T1110,journald,34668,0,1,0,0,0,1,0,0,0,1,0,14,0,8,0,13,0,0,76,6,20,6,1,1,critical,critical rule id/group or high rule level
wazuh-1788725706.2367840,2026-09-06T20:15:06.059000Z,lab-sensor-01,31106,6,accesslog|attack|web,web-accesslog,T1190,/var/log/apache2/access.log,0,0,1,0,0,0,1,0,0,0,0,0,20,0,7,1,21,0,0,76,10,20,6,1,1,critical,critical rule id/group or high rule level
wazuh-1788725860.2376793,2026-09-06T20:17:40.576000Z,lab-sensor-01,31106,6,accesslog|attack|web,web-accesslog,T1190,/var/log/apache2/access.log,0,0,1,0,0,0,1,0,0,0,0,0,22,1,7,1,19,0,0,74,10,20,6,1,2,critical,critical rule id/group or high rule level
wazuh-1788726217.2399003,2026-09-06T20:23:37.060000Z,lab-sensor-01,31106,6,accesslog|attack|web,web-accesslog,T1190,/var/log/apache2/access.log,0,0,1,0,0,0,1,0,0,0,0,0,24,0,6,0,6,0,0,75,6,20,6,1,1,critical,critical rule id/group or high rule level
wazuh-1788726479.2419849,2026-09-06T20:27:59.899000Z,lab-sensor-01,5712,10,authentication_failures|sshd|syslog,sshd,T1110,journald,48168,0,1,0,0,0,1,0,0,0,1,0,32,0,6,0,10,0,0,71,6,20,6,1,1,critical,critical rule id/group or high rule level
wazuh-1788726559.2427985,2026-09-06T20:29:19.732000Z,lab-sensor-01,31106,6,accesslog|attack|web,web-accesslog,T1190,/var/log/apache2/access.log,0,0,1,0,0,0,1,0,0,0,0,0,33,0,7,1,15,0,0,73,10,20,6,1,1,critical,critical rule id/group or high rule level
wazuh-1788726602.2431462,2026-09-06T20:30:02.237000Z,lab-sensor-01,31106,6,accesslog|attack|web,web-accesslog,T1190,/var/log/apache2/access.log,0,0,1,0,0,0,1,0,0,0,0,0,38,1,7,1,18,0,0,75,10,20,6,1,2,critical,critical rule id/group or high rule level
wazuh-1788726634.2433382,2026-09-06T20:30:34.219000Z,lab-sensor-01,5712,10,authentication_failures|sshd|syslog,sshd,T1110,journald,60108,0,1,0,0,0,1,0,0,0,1,0,32,1,7,1,19,0,0,74,10,20,6,1,2,critical,critical rule id/group or high rule level
wazuh-1788726655.2436167,2026-09-06T20:30:55.921000Z,lab-sensor-01,31106,6,accesslog|attack|web,web-accesslog,T1190,/var/log/apache2/access.log,0,0,1,0,0,0,1,0,0,0,0,0,33,2,7,2,21,0,0,77,10,20,6,1,3,critical,critical rule id/group or high rule level
wazuh-1788726898.2449798,2026-09-06T20:34:58.499000Z,lab-sensor-01,31106,6,accesslog|attack|web,web-accesslog,T1190,/var/log/apache2/access.log,0,0,1,0,0,0,1,0,0,0,0,0,18,2,7,2,24,0,0,80,10,20,6,1,3,critical,critical rule id/group or high rule level
wazuh-1788726916.2451275,2026-09-06T20:35:16.746000Z,lab-sensor-01,5712,10,authentication_failures|sshd|syslog,sshd,T1110,journald,41354,0,1,0,0,0,1,0,0,0,1,0,19,1,7,2,25,0,0,82,10,20,6,1,2,critical,critical rule id/group or high rule level
wazuh-1788727010.2459126,2026-09-06T20:36:50.708000Z,lab-sensor-01,31106,6,accesslog|attack|web,web-accesslog,T1190,/var/log/apache2/access.log,0,0,1,0,0,0,1,0,0,0,0,0,23,1,7,3,30,0,0,90,10,20,6,1,2,critical,critical rule id/group or high rule level
wazuh-1788727037.2460497,2026-09-06T20:37:17.078000Z,lab-sensor-01,5712,10,authentication_failures|sshd|syslog,sshd,T1110,journald,37604,0,1,0,0,0,1,0,0,0,1,0,24,1,7,3,27,0,0,88,10,20,6,1,2,critical,critical rule id/group or high rule level
wazuh-1788727145.2470441,2026-09-06T20:39:05.054000Z,lab-sensor-01,31106,6,accesslog|attack|web,web-accesslog,T1190,/var/log/apache2/access.log,0,0,1,0,0,0,1,0,0,0,0,0,29,2,7,3,27,0,0,88,10,20,6,1,3,critical,critical rule id/group or high rule level
wazuh-1788727289.2481431,2026-09-06T20:41:29.377000Z,lab-sensor-01,31106,6,accesslog|attack|web,web-accesslog,T1190,/var/log/apache2/access.log,0,0,1,0,0,0,1,0,0,0,0,0,20,2,7,2,24,0,0,87,10,20,6,1,3,critical,critical rule id/group or high rule level
wazuh-1788727365.2491373,2026-09-06T20:42:45.723000Z,lab-sensor-01,31106,6,accesslog|attack|web,web-accesslog,T1190,/var/log/apache2/access.log,0,0,1,0,0,0,1,0,0,0,0,0,21,2,7,2,24,0,0,89,10,20,6,1,3,critical,critical rule id/group or high rule level
wazuh-1788727495.2508348,2026-09-06T20:44:55.757000Z,lab-sensor-01,31106,6,accesslog|attack|web,web-accesslog,T1190,/var/log/apache2/access.log,0,0,1,0,0,0,1,0,0,0,0,0,19,2,7,2,24,0,0,90,10,20,6,1,3,critical,critical rule id/group or high rule level
wazuh-1788727626.2523303,2026-09-06T20:47:06.387000Z,lab-sensor-01,31106,6,accesslog|attack|web,web-accesslog,T1190,/var/log/apache2/access.log,0,0,1,0,0,0,1,0,0,0,0,0,14,2,7,1,18,0,0,92,10,20,6,1,3,critical,critical rule id/group or high rule level
wazuh-1788727888.2562247,2026-09-06T20:51:28.592000Z,lab-sensor-01,31106,6,accesslog|attack|web,web-accesslog,T1190,/var/log/apache2/access.log,0,0,1,0,0,0,1,0,0,0,0,0,19,1,6,0,15,0,0,95,6,20,6,1,2,critical,critical rule id/group or high rule level
wazuh-1788728028.2580020,2026-09-06T20:53:48.848000Z,lab-sensor-01,31106,6,accesslog|attack|web,web-accesslog,T1190,/var/log/apache2/access.log,0,0,1,0,0,0,1,0,0,0,0,0,17,1,6,0,15,0,0,94,6,20,6,1,2,critical,critical rule id/group or high rule level
wazuh-1788728060.2586258,2026-09-06T20:54:20.909000Z,lab-sensor-01,31106,6,accesslog|attack|web,web-accesslog,T1190,/var/log/apache2/access.log,0,0,1,0,0,0,1,0,0,0,0,0,19,2,6,0,15,0,0,95,6,20,6,1,3,critical,critical rule id/group or high rule level
wazuh-1788728217.2607507,2026-09-06T20:56:57.189000Z,lab-sensor-01,31106,6,accesslog|attack|web,web-accesslog,T1190,/var/log/apache2/access.log,0,0,1,0,0,0,1,0,0,0,0,0,28,2,6,0,9,0,0,94,6,20,6,1,3,critical,critical rule id/group or high rule level
wazuh-1788728287.2617010,2026-09-06T20:58:07.317000Z,lab-sensor-01,31106,6,accesslog|attack|web,web-accesslog,T1190,/var/log/apache2/access.log,0,0,1,0,0,0,1,0,0,0,0,0,27,3,6,0,9,0,0,91,6,20,6,1,4,critical,critical rule id/group or high rule level
wazuh-1788728366.2630644,2026-09-06T20:59:26.043000Z,lab-sensor-01,31106,6,accesslog|attack|web,web-accesslog,T1190,/var/log/apache2/access.log,0,0,1,0,0,0,1,0,0,0,0,0,28,2,6,0,12,0,0,90,6,20,6,1,3,critical,critical rule id/group or high rule level
wazuh-1788728563.2658110,2026-09-06T21:02:43.815000Z,lab-sensor-01,31106,6,accesslog|attack|web,web-accesslog,T1190,/var/log/apache2/access.log,0,0,1,0,0,0,1,0,0,0,0,0,27,2,6,0,12,0,0,89,6,21,6,1,3,critical,critical rule id/group or high rule level
wazuh-1788728782.2684819,2026-09-06T21:06:22.281000Z,lab-sensor-01,31106,6,accesslog|attack|web,web-accesslog,T1190,/var/log/apache2/access.log,0,0,1,0,0,0,1,0,0,0,0,0,24,1,6,0,12,0,0,82,6,21,6,1,2,critical,critical rule id/group or high rule level
wazuh-1788728902.2701511,2026-09-06T21:08:22.563000Z,lab-sensor-01,5712,10,authentication_failures|sshd|syslog,sshd,T1110,journald,51210,0,1,0,0,0,1,0,0,0,1,0,22,0,6,0,19,0,0,80,6,21,6,1,1,critical,critical rule id/group or high rule level
wazuh-1788729175.2745717,2026-09-06T21:12:55.065000Z,lab-sensor-01,31106,6,accesslog|attack|web,web-accesslog,T1190,/var/log/apache2/access.log,0,0,1,0,0,0,1,0,0,0,0,0,30,0,7,1,18,0,0,81,10,21,6,1,1,critical,critical rule id/group or high rule level
wazuh-1788729295.2763332,2026-09-06T21:14:55.350000Z,lab-sensor-01,31106,6,accesslog|attack|web,web-accesslog,T1190,/var/log/apache2/access.log,0,0,1,0,0,0,1,0,0,0,0,0,31,1,7,1,18,0,0,78,10,21,6,1,2,critical,critical rule id/group or high rule level
wazuh-1788729603.2803601,2026-09-06T21:20:03.951000Z,lab-sensor-01,31106,6,accesslog|attack|web,web-accesslog,T1190,/var/log/apache2/access.log,0,0,1,0,0,0,1,0,0,0,0,0,17,0,6,0,9,0,0,80,6,21,6,1,1,critical,critical rule id/group or high rule level
wazuh-1788729690.2814462,2026-09-06T21:21:30.130000Z,lab-sensor-01,31106,6,accesslog|attack|web,web-accesslog,T1190,/var/log/apache2/access.log,0,0,1,0,0,0,1,0,0,0,0,0,17,1,6,0,15,0,0,80,6,21,6,1,2,critical,critical rule id/group or high rule level
wazuh-1788729728.2820704,2026-09-06T21:22:08.765000Z,lab-sensor-01,31106,6,accesslog|attack|web,web-accesslog,T1190,/var/log/apache2/access.log,0,0,1,0,0,0,1,0,0,0,0,0,19,2,6,0,15,0,0,82,6,21,6,1,3,critical,critical rule id/group or high rule level
wazuh-1788729900.2843416,2026-09-06T21:25:00.506000Z,lab-sensor-01,31106,6,accesslog|attack|web,web-accesslog,T1190,/var/log/apache2/access.log,0,0,1,0,0,0,1,0,0,0,0,0,18,3,6,0,18,0,0,81,6,21,6,1,4,critical,critical rule id/group or high rule level
wazuh-1788730283.2876429,2026-09-06T21:31:23.268000Z,lab-sensor-01,31106,6,accesslog|attack|web,web-accesslog,T1190,/var/log/apache2/access.log,0,0,1,0,0,0,1,0,0,0,0,0,22,0,7,0,12,0,0,76,6,21,6,1,1,critical,critical rule id/group or high rule level
wazuh-1788730397.2883325,2026-09-06T21:33:17.511000Z,lab-sensor-01,31106,6,accesslog|attack|web,web-accesslog,T1190,/var/log/apache2/access.log,0,0,1,0,0,0,1,0,0,0,0,0,22,1,7,0,18,0,0,78,6,21,6,1,2,critical,critical rule id/group or high rule level
wazuh-1788730611.2894423,2026-09-06T21:36:51.967000Z,lab-sensor-01,31106,6,accesslog|attack|web,web-accesslog,T1190,/var/log/apache2/access.log,0,0,1,0,0,0,1,0,0,0,0,0,14,1,6,0,12,0,0,77,6,21,6,1,2,critical,critical rule id/group or high rule level
wazuh-1788730804.2903058,2026-09-06T21:40:04.354000Z,lab-sensor-01,31106,6,accesslog|attack|web,web-accesslog,T1190,/var/log/apache2/access.log,0,0,1,0,0,0,1,0,0,0,0,0,11,1,6,0,11,0,0,67,6,21,6,1,2,critical,critical rule id/group or high rule level
wazuh-1788731051.2921972,2026-09-06T21:44:11.080000Z,lab-sensor-01,5712,10,authentication_failures|sshd|syslog,sshd,T1110,journald,52152,0,1,0,0,0,1,0,0,0,1,0,24,0,6,0,10,0,0,68,6,21,6,1,1,critical,critical rule id/group or high rule level
wazuh-1788731223.2932944,2026-09-06T21:47:03.402000Z,lab-sensor-01,5712,10,authentication_failures|sshd|syslog,sshd,T1110,journald,57604,0,1,0,0,0,1,0,0,0,1,0,21,1,7,1,16,0,0,71,10,21,6,1,2,critical,critical rule id/group or high rule level
wazuh-1788731499.2948486,2026-09-06T21:51:39.839000Z,lab-sensor-01,31106,6,accesslog|attack|web,web-accesslog,T1190,/var/log/apache2/access.log,0,0,1,0,0,0,1,0,0,0,0,0,15,0,6,2,24,0,0,67,10,21,6,1,1,critical,critical rule id/group or high rule level
wazuh-1788731660.2957174,2026-09-06T21:54:20.233000Z,lab-sensor-01,5712,10,authentication_failures|sshd|syslog,sshd,T1110,journald,35938,0,1,0,0,0,1,0,0,0,1,0,17,0,7,1,22,0,0,67,10,21,6,1,1,critical,critical rule id/group or high rule level
wazuh-1788731682.2959959,2026-09-06T21:54:42.221000Z,lab-sensor-01,31106,6,accesslog|attack|web,web-accesslog,T1190,/var/log/apache2/access.log,0,0,1,0,0,0,1,0,0,0,0,0,15,1,7,2,24,0,0,70,10,21,6,1,2,critical,critical rule id/group or high rule level
wazuh-1788731702.2961346,2026-09-06T21:55:02.283000Z,lab-sensor-01,31106,6,accesslog|attack|web,web-accesslog,T1190,/var/log/apache2/access.log,0,0,1,0,0,0,1,0,0,0,0,0,17,2,7,2,24,0,0,70,10,21,6,1,3,critical,critical rule id/group or high rule level
wazuh-1788731742.2965551,2026-09-06T21:55:42.344000Z,lab-sensor-01,31106,6,accesslog|attack|web,web-accesslog,T1190,/var/log/apache2/access.log,0,0,1,0,0,0,1,0,0,0,0,0,24,3,7,2,21,0,0,73,10,21,6,1,4,critical,critical rule id/group or high rule level
wazuh-1788731806.2970642,2026-09-06T21:56:46.737000Z,lab-sensor-01,31106,6,accesslog|attack|web,web-accesslog,T1190,/var/log/apache2/access.log,0,0,1,0,0,0,1,0,0,0,0,0,26,3,7,2,18,0,0,73,10,21,6,1,4,critical,critical rule id/group or high rule level
wazuh-1788731890.2977380,2026-09-06T21:58:10.632000Z,lab-sensor-01,31106,6,accesslog|attack|web,web-accesslog,T1190,/var/log/apache2/access.log,0,0,1,0,0,0,1,0,0,0,0,0,33,4,7,1,15,0,0,78,10,21,6,1,5,critical,critical rule id/group or high rule level
wazuh-1788732125.2990125,2026-09-06T22:02:05.203000Z,lab-sensor-01,31106,6,accesslog|attack|web,web-accesslog,T1190,/var/log/apache2/access.log,0,0,1,0,0,0,1,0,0,0,0,0,21,1,7,1,18,0,0,77,10,22,6,1,2,critical,critical rule id/group or high rule level
wazuh-1788732309.3010103,2026-09-06T22:05:09.404000Z,lab-sensor-01,31106,6,accesslog|attack|web,web-accesslog,T1190,/var/log/apache2/access.log,0,0,1,0,0,0,1,0,0,0,0,0,27,1,6,0,15,0,0,81,6,22,6,1,2,critical,critical rule id/group or high rule level
wazuh-1788732367.3012819,2026-09-06T22:06:07.507000Z,lab-sensor-01,31106,6,accesslog|attack|web,web-accesslog,T1190,/var/log/apache2/access.log,0,0,1,0,0,0,1,0,0,0,0,0,24,2,6,0,15,0,0,80,6,22,6,1,3,critical,critical rule id/group or high rule level
wazuh-1788732411.3015092,2026-09-06T22:06:51.571000Z,lab-sensor-01,31106,6,accesslog|attack|web,web-accesslog,T1190,/var/log/apache2/access.log,0,0,1,0,0,0,1,0,0,0,0,0,23,3,6,0,15,0,0,81,6,22,6,1,4,critical,critical rule id/group or high rule level
wazuh-1788732445.3016922,2026-09-06T22:07:25.653000Z,lab-sensor-01,31106,6,accesslog|attack|web,web-accesslog,T1190,/var/log/apache2/access.log,0,0,1,0,0,0,1,0,0,0,0,0,21,3,6,0,15,0,0,82,6,22,6,1,4,critical,critical rule id/group or high rule level
wazuh-1788732477.3018752,2026-09-06T22:07:57.783000Z,lab-sensor-01,31106,6,accesslog|attack|web,web-accesslog,T1190,/var/log/apache2/access.log,0,0,1,0,0,0,1,0,0,0,0,0,17,4,6,0,12,0,0,84,6,22,6,1,5,critical,critical rule id/group or high rule level
wazuh-1788732732.3066864,2026-09-06T22:12:12.392000Z,lab-sensor-01,31106,6,accesslog|attack|web,web-accesslog,T1190,/var/log/apache2/access.log,0,0,1,0,0,0,1,0,0,0,0,0,13,2,6,0,9,0,0,85,6,22,6,1,3,critical,critical rule id/group or high rule level
wazuh-1788732754.3068251,2026-09-06T22:12:34.422000Z,lab-sensor-01,31106,6,accesslog|attack|web,web-accesslog,T1190,/var/log/apache2/access.log,0,0,1,0,0,0,1,0,0,0,0,0,13,2,6,0,6,0,0,86,6,22,6,1,3,critical,critical rule id/group or high rule level
wazuh-1788732808.3087262,2026-09-06T22:13:28.501000Z,lab-sensor-01,31106,6,accesslog|attack|web,web-accesslog,T1190,/var/log/apache2/access.log,0,0,1,0,0,0,1,0,0,0,0,0,13,2,6,0,6,0,0,85,6,22,6,1,3,critical,critical rule id/group or high rule level
